Date,Handicap,Series,Race,Div,Boat name,Elapsed time,ETsecs,corrSecs,refTime,RankAppld,Rank,rankDiff,PHRF,IRC,TCFapplied,TCFactual,TCFdiff,TCFst,pctMvmt,TCFclmp,newTCF
28 Sep,Championship,Spring,r1,1,The Guarantee,2:25:04,8704.0,7380.0,7380.0,1.0,1.0,-,0.845,,0.848,0.848,0.0,0.848,0.0,0.848,0.848
28 Sep,Championship,Spring,r1,1,Revs,2:20:08,8408.0,7516.0,7380.0,2.0,2.0,-,0.885,1.234,0.894,0.894,0.0,0.878,-1.79,0.878,0.894
28 Sep,Championship,Spring,r1,2,Whistler III,2:28:17,8897.0,6396.0,6846.0,1.0,1.0,-,0.725,0.95,0.7190000000000001,0.719,0.0,0.77,7.09,0.741,0.724
28 Sep,Championship,Spring,r1,2,Incantare,2:34:37,9277.0,6466.0,6846.0,2.0,2.0,-,0.725,,0.6970000000000001,0.697,0.0,0.738,5.88,0.718,0.702
28 Sep,Championship,Spring,r1,2,Airship,2:25:28,8728.0,6484.0,6846.0,3.0,3.0,-,0.735,,0.743,0.743,0.0,0.784,5.52,0.765,0.748
28 Sep,Championship,Spring,r1,2,Wiseguy,2:41:37,9697.0,6846.0,6846.0,4.0,4.0,-,,,0.706,0.706,0.0,0.706,0.0,0.706,0.706
28 Sep,Championship,Spring,r1,2,Wellington Spirit Bronze,2:31:01,9061.0,6976.0,6846.0,5.0,5.0,-,0.79,,0.77,0.77,0.0,0.756,-1.82,0.756,0.767
28 Sep,Championship,Spring,r1,2,Wellington Spirit Red,2:34:37,9277.0,7143.0,6846.0,6.0,6.0,-,0.79,,0.77,0.77,0.0,0.738,-4.16,0.747,0.764
28 Sep,Championship,Spring,r1,2,Gucci,2:38:16,9496.0,7235.0,6846.0,7.0,7.0,-,0.755,0.963,0.762,0.762,0.0,0.721,-5.38,0.739,0.756
28 Sep,Championship,Spring,r1,3,Marangi,<no entry>,,,,,,,,,,,,,,,
28 Sep,Championship,Spring,r1,3,Cantilena,2:03:17,7397.0,4682.0,5074.0,1.0,1.0,-,,,0.633,0.633,0.0,0.686,8.37,0.652,0.633
28 Sep,Championship,Spring,r1,3,Titus Canby,2:02:45,7365.0,5074.0,5074.0,2.0,2.0,-,0.69,,0.6890000000000001,0.689,0.0,0.689,0.0,0.689,0.689
28 Sep,Championship,Spring,r1,3,Saucy Sausage,2:15:56,8156.0,5130.0,5074.0,3.0,3.0,-,0.63,,0.629,0.629,0.0,0.622,-1.11,0.622,0.629
5 Oct,Championship,Spring,r1,Open,St Laurence,2:08:27,7707.0,8092.0,8092.0,1.0,1.0,-,,,1.05,1.05,0.0,1.05,0.0,1.05,1.05
5 Oct,Championship,Spring,r2,1,Drinks Trolley,23:56,1436.0,1183.0,1218.0,1.0,1.0,-,0.84,,0.8240000000000001,0.824,0.0,0.848,2.91,0.848,0.83
5 Oct,Championship,Spring,r2,1,Wedgetail,21:09,1269.0,1199.0,1218.0,2.0,2.0,-,0.95,1.209,0.945,0.945,0.0,0.96,1.59,0.96,0.949
5 Oct,Championship,Spring,r2,1,Revs,22:26,1346.0,1203.0,1218.0,3.0,3.0,-,0.885,1.234,0.894,0.894,0.0,0.905,1.23,0.905,0.897
5 Oct,Championship,Spring,r2,1,Magic Trick,22:48,1368.0,1218.0,1218.0,4.0,4.0,-,0.875,,0.8909999999999999,0.891,-0.0,0.891,0.0,0.891,0.891
5 Oct,Championship,Spring,r2,1,Nedax Racing,24:45,1485.0,1235.0,1218.0,5.0,5.0,-,0.84,,0.8320000000000001,0.832,0.0,0.821,-1.32,0.821,0.829
5 Oct,Championship,Spring,r2,1,Rocket Science,25:28,1528.0,1268.0,1218.0,6.0,6.0,-,0.82,,0.83,0.83,0.0,0.797,-3.98,0.805,0.824
5 Oct,Championship,Spring,r2,1,The Guarantee,24:59,1499.0,1271.0,1218.0,7.0,7.0,-,0.845,,0.848,0.848,0.0,0.813,-4.13,0.823,0.842
5 Oct,Championship,Spring,r2,1,Blink,23:05,1385.0,1315.0,1218.0,8.0,8.0,-,0.98,,0.95,0.95,0.0,0.88,-7.37,0.921,0.943
5 Oct,Championship,Spring,r2,2,Blue Magic,26:50,1610.0,1189.0,1262.0,1.0,1.0,-,0.735,0.955,0.7390000000000001,0.739,0.0,0.784,6.09,0.761,0.744
5 Oct,Championship,Spring,r2,2,Incantare,28:17,1697.0,1191.0,1262.0,2.0,2.0,-,0.725,,0.7020000000000001,0.702,0.0,0.744,5.98,0.723,0.707
5 Oct,Championship,Spring,r2,2,Whistler III,27:28,1648.0,1193.0,1262.0,3.0,3.0,-,0.725,0.95,0.7240000000000001,0.724,0.0,0.766,5.8,0.746,0.73
5 Oct,Championship,Spring,r2,2,Wiseguy,29:14,1754.0,1238.0,1262.0,4.0,4.0,-,,,0.706,0.706,0.0,0.72,1.98,0.72,0.709
5 Oct,Championship,Spring,r2,2,Airship,27:49,1669.0,1248.0,1262.0,5.0,5.0,-,0.735,,0.7490000000000001,0.748,0.001,0.756,1.07,0.756,0.751
5 Oct,Championship,Spring,r2,2,Wellington Spirit Red,27:33,1653.0,1262.0,1262.0,6.0,6.0,-,0.79,,0.765,0.764,0.001,0.764,0.0,0.764,0.763
5 Oct,Championship,Spring,r2,2,Floating Free,30:21,1821.0,1283.0,1262.0,7.0,7.0,-,,,0.705,0.705,0.0,0.693,-1.7,0.693,0.702
5 Oct,Championship,Spring,r2,2,Gucci,28:24,1704.0,1288.0,1262.0,8.0,8.0,-,0.755,0.963,0.7559999999999999,0.756,-0.0,0.741,-1.98,0.741,0.752
5 Oct,Championship,Spring,r2,2,Wellington Spirit Bronze,28:14,1694.0,1299.0,1262.0,9.0,9.0,-,0.79,,0.7659999999999999,0.767,-0.001,0.745,-2.87,0.745,0.762
5 Oct,Championship,Spring,r2,2,Prime Mover,28:50,1730.0,1316.0,1262.0,10.0,10.0,-,0.765,,0.7609999999999999,0.761,-0.0,0.73,-4.07,0.738,0.755
5 Oct,Championship,Spring,r2,2,Eat My Shorts,30:05,1805.0,1339.0,1262.0,11.0,11.0,-,0.745,,0.742,0.742,0.0,0.699,-5.8,0.72,0.736
5 Oct,Championship,Spring,r2,2,Montego Bay III,34:27,2067.0,1486.0,1262.0,12.0,12.0,-,0.745,,0.7190000000000001,0.719,0.0,0.611,-15.02,0.697,0.713
5 Oct,Championship,Spring,r2,3,White Cavalier,< dnf >,,,,,,,,,,,,,,,
5 Oct,Championship,Spring,r2,3,Titus Canby,3:33:39,12819.0,8832.0,8936.0,1.0,1.0,-,0.69,,0.6890000000000001,0.689,0.0,0.697,1.16,0.697,0.691
5 Oct,Championship,Spring,r2,3,Saucy Sausage,3:56:48,14208.0,8936.0,8936.0,2.0,2.0,-,0.63,,0.629,0.629,0.0,0.629,0.0,0.629,0.629
5 Oct,Championship,Spring,r2,3,Haumuri,3:42:36,13356.0,9055.0,8936.0,3.0,3.0,-,0.665,,0.6779999999999999,0.678,-0.0,0.669,-1.33,0.669,0.676
5 Oct,Championship,Spring,r2,3,Revenue Cutter,3:55:08,14108.0,9198.0,8936.0,4.0,4.0,-,,,0.652,0.652,0.0,0.633,-2.91,0.633,0.647
5 Oct,Championship,Spring,r3,1,Blink,2:03:09,7389.0,6967.0,7182.0,1.0,1.0,-,0.98,,0.943,0.943,0.0,0.972,3.08,0.971,0.947
5 Oct,Championship,Spring,r3,1,Revs,2:11:36,7896.0,7082.0,7182.0,2.0,2.0,-,0.885,1.234,0.897,0.897,0.0,0.91,1.45,0.91,0.9
5 Oct,Championship,Spring,r3,1,Rocket Science,2:25:00,8700.0,7168.0,7182.0,3.0,3.0,-,0.82,,0.8240000000000001,0.824,0.0,0.826,0.24,0.826,0.823
5 Oct,Championship,Spring,r3,1,Nedax Racing,2:24:24,8664.0,7182.0,7182.0,4.0,4.0,-,0.84,,0.8290000000000001,0.829,0.0,0.829,0.0,0.829,0.829
5 Oct,Championship,Spring,r3,1,Drinks Trolley,2:25:46,8746.0,7259.0,7182.0,5.0,5.0,-,0.84,,0.83,0.83,0.0,0.821,-1.08,0.821,0.829
5 Oct,Championship,Spring,r3,1,Magic Trick,2:16:14,8174.0,7283.0,7182.0,6.0,6.0,-,0.875,,0.8909999999999999,0.891,-0.0,0.879,-1.35,0.879,0.889
5 Oct,Championship,Spring,r3,1,Wedgetail,2:09:28,7768.0,7371.0,7182.0,7.0,7.0,-,0.95,1.209,0.9490000000000001,0.949,0.0,0.925,-2.53,0.925,0.945
5 Oct,Championship,Spring,r3,1,The Guarantee,2:26:02,8762.0,7377.0,7182.0,8.0,8.0,-,0.845,,0.8420000000000001,0.842,0.0,0.82,-2.61,0.82,0.836
5 Oct,Championship,Spring,r3,2,Wiseguy,2:17:03,8223.0,5830.0,6260.0,1.0,1.0,-,,,0.7090000000000001,0.709,0.0,0.761,7.33,0.73,0.714
5 Oct,Championship,Spring,r3,2,Wellington Spirit Red,2:14:40,8080.0,6165.0,6260.0,2.0,2.0,-,0.79,,0.764,0.763,0.001,0.775,1.57,0.775,0.764
5 Oct,Championship,Spring,r3,2,Blue Magic,2:18:14,8294.0,6170.0,6260.0,3.0,3.0,-,0.735,0.955,0.745,0.744,0.001,0.755,1.48,0.755,0.748
5 Oct,Championship,Spring,r3,2,Eat My Shorts,2:21:01,8461.0,6227.0,6260.0,4.0,4.0,-,0.745,,0.736,0.736,0.0,0.74,0.54,0.74,0.736
5 Oct,Championship,Spring,r3,2,Gucci,2:18:44,8324.0,6259.0,6260.0,5.0,5.0,-,0.755,0.963,0.752,0.752,0.0,0.752,0.0,0.752,0.749
5 Oct,Championship,Spring,r3,2,Airship,2:18:56,8336.0,6260.0,6260.0,6.0,6.0,-,0.735,,0.7509999999999999,0.751,-0.0,0.751,0.0,0.751,0.753
5 Oct,Championship,Spring,r3,2,Incantare,2:28:57,8937.0,6318.0,6260.0,7.0,7.0,-,0.725,,0.7070000000000001,0.707,0.0,0.701,-0.85,0.701,0.709
5 Oct,Championship,Spring,r3,2,Prime Mover,2:20:16,8416.0,6354.0,6260.0,8.0,8.0,-,0.765,,0.755,0.755,0.0,0.744,-1.46,0.744,0.752
5 Oct,Championship,Spring,r3,2,Whistler III,2:26:31,8791.0,6417.0,6260.0,9.0,9.0,-,0.725,0.95,0.73,0.73,0.0,0.712,-2.47,0.712,0.73
5 Oct,Championship,Spring,r3,2,Wellington Spirit Bronze,2:21:01,8461.0,6447.0,6260.0,10.0,10.0,-,0.79,,0.762,0.762,0.0,0.74,-2.89,0.74,0.755
5 Oct,Championship,Spring,r3,2,Montego Bay III,2:34:37,9277.0,6614.0,6260.0,11.0,11.0,-,0.745,,0.7140000000000001,0.713,0.001,0.675,-5.33,0.692,0.708
5 Oct,Classics,Classics,r1,Combined,Lizzie,3:03:29,11009.0,4403.0,5449.0,1.0,1.0,-,,,0.4,0.4,0.0,0.495,23.75,0.412,0.4
5 Oct,Classics,Classics,r1,Combined,Rona,2:36:36,9396.0,5449.0,5449.0,2.0,2.0,-,,,0.58,0.58,0.0,0.58,0.0,0.58,0.58
5 Oct,Classics,Classics,r1,Combined,Loloma,3:14:21,11661.0,5713.0,5449.0,3.0,3.0,-,,,0.49,0.49,0.0,0.467,-4.69,0.475,0.49
12 Oct,Championship,Spring,r2,Open,St Laurence,2:27:12,8832.0,9273.0,9273.0,1.0,1.0,-,,,1.042,1.05,-0.008,1.05,0.0,1.05,1.05
12 Oct,Championship,Spring,r3,3,Rosschild,1:29:46,5386.0,3393.0,3493.0,1.0,1.0,-,0.68,,0.63,0.63,0.0,0.649,3.02,0.649,0.635
12 Oct,Championship,Spring,r3,3,Saucy Sausage,1:31:00,5460.0,3434.0,3493.0,2.0,2.0,-,0.63,,0.629,0.629,0.0,0.64,1.75,0.64,0.631
12 Oct,Championship,Spring,r3,3,Blurred Image,1:24:47,5087.0,3479.0,3493.0,3.0,3.0,-,,,0.684,0.684,0.0,0.687,0.44,0.687,0.685
12 Oct,Championship,Spring,r3,3,Titus Canby,1:24:16,5056.0,3493.0,3493.0,4.0,4.0,-,0.69,,0.691,0.691,0.0,0.691,0.0,0.691,0.691
12 Oct,Championship,Spring,r3,3,Wai-Aniwa,1:33:06,5586.0,3776.0,3493.0,5.0,5.0,-,0.69,,0.6759999999999999,0.676,-0.0,0.625,-7.54,0.656,0.671
12 Oct,Championship,Spring,r3,3,Haumuri,1:34:49,5689.0,3845.0,3493.0,6.0,6.0,-,0.665,,0.6759999999999999,0.676,-0.0,0.614,-9.17,0.656,0.671
12 Oct,Championship,Spring,r3,3,Revenue Cutter,1:40:29,6029.0,3900.0,3493.0,7.0,7.0,-,,,0.647,0.647,0.0,0.579,-10.51,0.628,0.642
12 Oct,Championship,Spring,r3,3,White Cavalier,2:07:01,7621.0,4359.0,3493.0,8.0,8.0,-,,,0.5720000000000001,0.572,0.0,0.458,-19.93,0.555,0.568
12 Oct,Championship,Spring,r4,1,Drinks Trolley,2:16:33,8193.0,6791.0,6903.0,1.0,1.0,-,0.84,,0.83,0.829,0.001,0.843,1.69,0.843,0.833
12 Oct,Championship,Spring,r4,1,Revs,2:07:00,7620.0,6858.0,6903.0,2.0,2.0,-,0.885,1.234,0.9,0.9,0.0,0.906,0.67,0.906,0.903
12 Oct,Championship,Spring,r4,1,Wedgetail,2:01:19,7279.0,6878.0,6903.0,3.0,3.0,-,0.95,1.209,0.945,0.945,0.0,0.948,0.32,0.948,0.945
12 Oct,Championship,Spring,r4,1,Nedax Racing,2:18:47,8327.0,6903.0,6903.0,4.0,4.0,-,0.84,,0.8290000000000001,0.829,0.0,0.829,0.0,0.829,0.828
12 Oct,Championship,Spring,r4,1,Blink,2:03:29,7409.0,7016.0,6903.0,5.0,5.0,-,0.98,,0.9470000000000001,0.947,0.0,0.932,-1.58,0.932,0.944
12 Oct,Championship,Spring,r4,1,Ran Tan II,1:57:38,7058.0,7058.0,6903.0,6.0,6.0,-,1.04,,1.0,1.0,0.0,0.978,-2.2,0.978,0.994
12 Oct,Championship,Spring,r4,1,Rocket Science,2:24:24,8664.0,7130.0,6903.0,7.0,7.0,-,0.82,,0.823,0.823,0.0,0.797,-3.16,0.798,0.816
12 Oct,Championship,Spring,r4,1,Magic Trick,2:14:32,8072.0,7176.0,6903.0,8.0,8.0,-,0.875,,0.889,0.889,0.0,0.855,-3.82,0.862,0.882
12 Oct,Championship,Spring,r4,2,After Midnight,1:42:28,6148.0,4420.0,4572.0,1.0,1.0,-,0.715,,0.7190000000000001,0.719,0.0,0.744,3.48,0.741,0.724
12 Oct,Championship,Spring,r4,2,Whistler III,1:41:16,6076.0,4435.0,4572.0,2.0,2.0,-,0.725,0.95,0.73,0.73,0.0,0.753,3.15,0.752,0.736
12 Oct,Championship,Spring,r4,2,Incantare,1:46:41,6401.0,4538.0,4572.0,3.0,3.0,-,0.725,,0.7090000000000001,0.709,0.0,0.714,0.71,0.714,0.713
12 Oct,Championship,Spring,r4,2,Wellington Spirit Bronze,1:40:35,6035.0,4556.0,4572.0,4.0,4.0,-,0.79,,0.755,0.755,0.0,0.758,0.4,0.758,0.751
12 Oct,Championship,Spring,r4,2,Gucci,1:41:26,6086.0,4558.0,4572.0,5.0,5.0,-,0.755,0.963,0.75,0.749,0.001,0.751,0.27,0.751,0.746
12 Oct,Championship,Spring,r4,2,Airship,1:41:13,6073.0,4572.0,4572.0,6.0,6.0,-,0.735,,0.754,0.753,0.001,0.753,0.0,0.753,0.756
12 Oct,Championship,Spring,r4,2,Wiseguy,1:47:03,6423.0,4586.0,4572.0,7.0,7.0,-,,,0.7140000000000001,0.714,0.0,0.712,-0.28,0.712,0.716
12 Oct,Championship,Spring,r4,2,Blue Magic,1:42:58,6178.0,4621.0,4572.0,8.0,8.0,-,0.735,0.955,0.748,0.748,0.0,0.74,-1.07,0.74,0.749
12 Oct,Championship,Spring,r4,2,Eat My Shorts,1:45:40,6340.0,4666.0,4572.0,9.0,9.0,-,0.745,,0.736,0.736,0.0,0.721,-2.04,0.721,0.732
12 Oct,Championship,Spring,r4,2,Prime Mover,1:44:24,6264.0,4710.0,4572.0,10.0,10.0,-,0.765,,0.752,0.752,0.0,0.73,-2.93,0.73,0.745
12 Oct,Championship,Spring,r4,2,Wellington Spirit Red,1:46:13,6373.0,4868.0,4572.0,11.0,11.0,-,0.79,,0.764,0.764,0.0,0.718,-6.02,0.741,0.758
12 Oct,Championship,Spring,r4,2,Montego Bay III,2:09:23,7763.0,5496.0,4572.0,12.0,12.0,-,0.745,,0.708,0.708,0.0,0.589,-16.81,0.687,0.701
19 Oct,Two-handed,Two-handed,r1,Combined,White Cavalier,4:26:16,15976.0,9250.0,9625.0,1.0,1.0,-,,,0.579,0.579,0.0,0.602,3.97,0.596,0.583
19 Oct,Two-handed,Two-handed,r1,Combined,Titus Canby,3:50:01,13801.0,9384.0,9625.0,2.0,2.0,-,0.68,,0.68,0.68,0.0,0.697,2.5,0.697,0.684
19 Oct,Two-handed,Two-handed,r1,Combined,Whistler III,3:37:02,13022.0,9414.0,9625.0,3.0,3.0,-,0.73,0.95,0.723,0.723,0.0,0.739,2.21,0.739,0.727
19 Oct,Two-handed,Two-handed,r1,Combined,After Midnight,3:43:10,13390.0,9587.0,9625.0,4.0,4.0,-,0.72,,0.716,0.716,0.0,0.719,0.42,0.719,0.717
19 Oct,Two-handed,Two-handed,r1,Combined,Eat My Shorts,3:38:51,13131.0,9625.0,9625.0,5.0,5.0,-,0.74,,0.733,0.733,0.0,0.733,0.0,0.733,0.733
19 Oct,Two-handed,Two-handed,r1,Combined,Testarossa,3:33:39,12819.0,9806.0,9625.0,6.0,6.0,-,0.765,,0.765,0.765,0.0,0.751,-1.83,0.751,0.762
19 Oct,Two-handed,Two-handed,r1,Combined,Wai-Aniwa,3:56:54,14214.0,9807.0,9625.0,7.0,7.0,-,0.69,,0.69,0.69,0.0,0.677,-1.88,0.677,0.687
19 Oct,Two-handed,Two-handed,r1,Combined,Gucci,3:37:46,13066.0,9812.0,9625.0,8.0,8.0,-,0.745,0.963,0.7509999999999999,0.751,-0.0,0.737,-1.86,0.737,0.747
19 Oct,Two-handed,Two-handed,r1,Combined,Montego Bay III,4:12:02,15122.0,11008.0,9625.0,9.0,9.0,-,0.755,,0.728,0.728,0.0,0.637,-12.5,0.706,0.722
19 Oct,Two-handed,Two-handed,r1,Combined,Blink,3:25:42,12342.0,12095.0,9625.0,10.0,10.0,-,1.0,,0.98,0.98,0.0,0.78,-20.41,0.951,0.973
1 Nov,Rum,Rum,r1,Combined,Alice Bee,<dns>,,,,,,,,,,,,,,,
1 Nov,Rum,Rum,r1,Combined,Marishka,<dnf>,,,,,,,,,,,,,,,
1 Nov,Rum,Rum,r1,Combined,White Cavalier,<dnf>,,,,,,,,,,,,,,,
1 Nov,Rum,Rum,r1,Combined,Rosschild,<dnf>,,,,,,,,,,,,,,,
1 Nov,Rum,Rum,r1,Combined,Charlie,<dnf>,,,,,,,,,,,,,,,
1 Nov,Rum,Rum,r1,Combined,Ran Tan II,0:47:44,2864.0,2978.0,3953.0,1.0,1.0,-,,,1.04,1.04,0.0,1.38,32.69,1.071,1.048
1 Nov,Rum,Rum,r1,Combined,Revs,0:57:43,3463.0,3064.0,3953.0,2.0,2.0,-,,,0.885,0.885,0.0,1.142,29.04,0.912,0.892
1 Nov,Rum,Rum,r1,Combined,The Guarantee,1:03:55,3835.0,3240.0,3953.0,3.0,3.0,-,,,0.845,0.845,0.0,1.031,22.01,0.87,0.851
1 Nov,Rum,Rum,r1,Combined,Wedgetail,0:58:45,3525.0,3331.0,3953.0,4.0,4.0,-,,,0.945,0.945,0.0,1.121,18.62,0.973,0.952
1 Nov,Rum,Rum,r1,Combined,Vendetta,1:31:15,5475.0,3832.0,3953.0,5.0,5.0,-,,,0.7,0.7,0.0,0.722,3.14,0.721,0.705
1 Nov,Rum,Rum,r1,Combined,Montego Bay III,1:31:14,5474.0,3941.0,3953.0,6.0,6.0,-,,,0.72,0.72,0.0,0.722,0.28,0.722,0.72
1 Nov,Rum,Rum,r1,Combined,Saucy Sausage,1:44:16,6256.0,3953.0,3953.0,7.0,7.0,-,,,0.632,0.632,0.0,0.632,0.0,0.632,0.632
1 Nov,Rum,Rum,r1,Combined,Wai-Aniwa,1:48:00,6480.0,4302.0,3953.0,8.0,8.0,-,,,0.664,0.664,0.0,0.61,-8.13,0.644,0.659
1 Nov,Rum,Rum,r1,Combined,Blue Magic,1:38:20,5900.0,4318.0,3953.0,9.0,9.0,-,,,0.732,0.732,0.0,0.67,-8.47,0.71,0.726
1 Nov,Rum,Rum,r1,Combined,Eat My Shorts,1:39:24,5964.0,4431.0,3953.0,10.0,10.0,-,,,0.743,0.743,0.0,0.663,-10.77,0.721,0.737
1 Nov,Rum,Rum,r1,Combined,Wiseguy,1:47:06,6426.0,4511.0,3953.0,11.0,11.0,-,,,0.7020000000000001,0.702,0.0,0.615,-12.39,0.681,0.697
1 Nov,Rum,Rum,r1,Combined,Blurred Image,1:49:34,6574.0,4536.0,3953.0,12.0,12.0,-,,,0.69,0.69,0.0,0.601,-12.9,0.669,0.685
1 Nov,Rum,Rum,r1,Combined,Gucci,1:42:53,6173.0,4654.0,3953.0,13.0,13.0,-,,,0.754,0.754,0.0,0.64,-15.12,0.731,0.748
2 Nov,Championship,Island Bay,r1,1,Magic Trick,2:32:16,9136.0,8057.0,8685.0,1.0,1.0,-,0.875,,0.882,0.882,0.0,0.951,7.82,0.908,0.884
2 Nov,Championship,Island Bay,r1,1,Blink,2:23:00,8580.0,8099.0,8685.0,2.0,2.0,-,0.98,,0.9440000000000001,0.944,0.0,1.012,7.2,0.972,0.948
2 Nov,Championship,Island Bay,r1,1,Ran Tan II,2:23:37,8617.0,8565.0,8685.0,3.0,3.0,-,1.04,,0.9940000000000001,0.994,0.0,1.008,1.41,1.008,0.996
2 Nov,Championship,Island Bay,r1,1,Drinks Trolley,2:53:47,10427.0,8685.0,8685.0,4.0,4.0,-,0.84,,0.833,0.833,0.0,0.833,0.0,0.833,0.836
2 Nov,Championship,Island Bay,r1,1,Wedgetail,2:33:40,9220.0,8712.0,8685.0,5.0,5.0,-,0.95,1.209,0.945,0.945,0.0,0.942,-0.32,0.942,0.944
2 Nov,Championship,Island Bay,r1,1,Revs,2:40:52,9652.0,8715.0,8685.0,6.0,6.0,-,0.885,1.234,0.903,0.903,0.0,0.9,-0.33,0.9,0.905
2 Nov,Championship,Island Bay,r1,1,The Guarantee,2:56:41,10601.0,8862.0,8685.0,7.0,7.0,-,0.845,,0.836,0.836,0.0,0.819,-2.03,0.819,0.829
2 Nov,Championship,Island Bay,r1,1,Rocket Science,3:02:12,10932.0,8920.0,8685.0,8.0,8.0,-,0.82,,0.816,0.816,0.0,0.795,-2.57,0.795,0.808
2 Nov,Championship,Island Bay,r1,2,Montego Bay III,3:10:25,11425.0,8008.0,8861.0,1.0,1.0,-,0.745,,0.701,0.701,0.0,0.776,10.7,0.722,0.7
2 Nov,Championship,Island Bay,r1,2,Floating Free,3:21:28,12088.0,8485.0,8861.0,2.0,2.0,-,,,0.7020000000000001,0.702,0.0,0.733,4.42,0.723,0.706
2 Nov,Championship,Island Bay,r1,2,Eat My Shorts,3:16:10,11770.0,8615.0,8861.0,3.0,3.0,-,0.745,,0.732,0.732,0.0,0.753,2.87,0.753,0.733
2 Nov,Championship,Island Bay,r1,2,Prime Mover,3:16:35,11795.0,8787.0,8861.0,4.0,4.0,-,0.765,0.963,0.745,0.745,0.0,0.751,0.81,0.751,0.742
2 Nov,Championship,Island Bay,r1,2,Gucci,3:17:20,11840.0,8832.0,8861.0,5.0,5.0,-,0.755,0.963,0.747,0.746,0.001,0.748,0.27,0.748,0.748
2 Nov,Championship,Island Bay,r1,2,Blue Magic,3:17:11,11831.0,8861.0,8861.0,6.0,6.0,-,0.735,0.955,0.7490000000000001,0.749,0.0,0.749,0.0,0.749,0.751
2 Nov,Championship,Island Bay,r1,2,After Midnight,3:28:15,12495.0,9046.0,8861.0,7.0,7.0,-,0.715,,0.7240000000000001,0.724,0.0,0.709,-2.07,0.709,0.722
2 Nov,Championship,Island Bay,r1,2,Wiseguy,3:31:05,12665.0,9068.0,8861.0,8.0,8.0,-,,,0.7170000000000001,0.716,0.001,0.7,-2.23,0.7,0.716
2 Nov,Championship,Island Bay,r1,2,Incantare,3:34:11,12851.0,9162.0,8861.0,9.0,9.0,-,0.725,,0.713,0.713,0.0,0.69,-3.23,0.692,0.709
2 Nov,Championship,Island Bay,r1,2,Whistler III,3:28:36,12516.0,9211.0,8861.0,10.0,10.0,-,0.725,0.95,0.736,0.736,0.0,0.708,-3.8,0.714,0.732
2 Nov,Championship,Island Bay,r1,2,Airship,3:24:50,12290.0,9291.0,8861.0,11.0,11.0,-,0.735,,0.7559999999999999,0.756,-0.0,0.721,-4.63,0.733,0.75
2 Nov,Championship,Island Bay,r1,3,Haumuri,<dnf>,,,,,,,,,,,,,,,
2 Nov,Championship,Island Bay,r1,3,Charlie,4:04:39,14679.0,8513.0,8740.0,1.0,1.0,-,,,0.58,0.58,0.0,0.595,2.59,0.595,0.584
2 Nov,Championship,Island Bay,r1,3,Maranui,4:22:32,15752.0,8663.0,8740.0,2.0,2.0,-,,,0.55,0.55,0.0,0.555,0.91,0.555,0.551
2 Nov,Championship,Island Bay,r1,3,Rosschild,3:49:24,13764.0,8740.0,8740.0,3.0,3.0,-,0.68,,0.635,0.635,0.0,0.635,0.0,0.635,0.636
2 Nov,Championship,Island Bay,r1,3,White Cavalier,4:17:30,15450.0,8775.0,8740.0,4.0,4.0,-,,,0.568,0.568,0.0,0.566,-0.35,0.566,0.567
2 Nov,Championship,Island Bay,r1,3,Saucy Sausage,3:58:33,14313.0,9031.0,8740.0,5.0,5.0,-,0.63,,0.631,0.631,0.0,0.611,-3.17,0.612,0.628
2 Nov,Championship,Island Bay,r1,3,Titus Canby,3:41:32,13292.0,9184.0,8740.0,6.0,6.0,-,0.69,,0.691,0.691,0.0,0.658,-4.78,0.67,0.688
2 Nov,Championship,Island Bay,r1,Open,St Laurence,2:45:12,9912.0,10407.0,10407.0,1.0,1.0,-,,,1.034,1.05,-0.016,1.05,0.0,1.05,1.05
2 Nov,Classics,Classics,r2,Combined,Loloma,<dnf>,,,,,,,,,,,,,,,
2 Nov,Classics,Classics,r2,Combined,Lizzie,7:01:40,25300.0,10120.0,10120.0,27.0,1.0,No,,,0.4,0.4,0.0,0.4,0.0,0.4,0.4
2 Nov,Island Bay,Island Bay,r1,Combined,Haumuri,<dnf>,,,,,,,,,,,,,,,
2 Nov,Island Bay,Island Bay,r1,Combined,Magic Trick,2:32:16,9136.0,8140.0,8802.0,1.0,1.0,-,0.875,,0.8909999999999999,0.891,-0.0,0.963,8.08,0.918,0.898
2 Nov,Island Bay,Island Bay,r1,Combined,Blink,2:23:00,8580.0,8262.0,8802.0,2.0,2.0,-,0.98,,0.963,0.963,0.0,1.026,6.54,0.992,0.97
2 Nov,Island Bay,Island Bay,r1,Combined,Montego Bay III,3:10:25,11425.0,8271.0,8802.0,3.0,3.0,-,0.745,,0.7240000000000001,0.724,0.0,0.77,6.35,0.746,0.73
2 Nov,Island Bay,Island Bay,r1,Combined,Charlie,4:04:39,14679.0,8367.0,8802.0,4.0,4.0,-,,,0.57,0.57,0.0,0.6,5.26,0.587,0.574
2 Nov,Island Bay,Island Bay,r1,Combined,Revs,2:40:52,9652.0,8397.0,8802.0,5.0,5.0,-,0.885,1.234,0.87,0.87,0.0,0.912,4.83,0.896,0.877
2 Nov,Island Bay,Island Bay,r1,Combined,Floating Free,3:21:28,12088.0,8546.0,8802.0,6.0,6.0,-,,,0.7070000000000001,0.707,0.0,0.728,2.97,0.728,0.712
2 Nov,Island Bay,Island Bay,r1,Combined,Drinks Trolley,2:53:47,10427.0,8591.0,8802.0,7.5,7.0,No,0.84,,0.8240000000000001,0.824,0.0,0.844,2.43,0.844,0.829
2 Nov,Island Bay,Island Bay,r1,Combined,Eat My Shorts,3:16:10,11770.0,8592.0,8802.0,7.5,8.0,No,0.745,,0.73,0.73,0.0,0.748,2.47,0.748,0.735
2 Nov,Island Bay,Island Bay,r1,Combined,Wedgetail,2:33:40,9220.0,8602.0,8802.0,9.5,9.5,-,0.95,1.209,0.9329999999999999,0.933,-0.0,0.955,2.36,0.955,0.939
2 Nov,Island Bay,Island Bay,r1,Combined,Rosschild,3:49:24,13764.0,8602.0,8802.0,9.5,9.5,-,0.68,,0.625,0.625,0.0,0.64,2.4,0.64,0.629
2 Nov,Island Bay,Island Bay,r1,Combined,Maranui,4:22:32,15752.0,8663.0,8802.0,11.0,11.0,-,,,0.55,0.55,0.0,0.559,1.64,0.559,0.552
2 Nov,Island Bay,Island Bay,r1,Combined,After Midnight,3:28:15,12495.0,8771.0,8802.0,12.0,12.0,-,0.715,,0.7020000000000001,0.702,0.0,0.704,0.28,0.704,0.702
2 Nov,Island Bay,Island Bay,r1,Combined,Blue Magic,3:17:11,11831.0,8802.0,8802.0,13.0,13.0,-,0.735,0.955,0.7440000000000001,0.744,0.0,0.744,0.0,0.744,0.744
2 Nov,Island Bay,Island Bay,r1,Combined,White Cavalier,4:17:30,15450.0,8837.0,8802.0,14.0,14.0,-,,,0.5720000000000001,0.572,0.0,0.57,-0.35,0.57,0.572
2 Nov,Island Bay,Island Bay,r1,Combined,Wiseguy,3:31:05,12665.0,8878.0,8802.0,15.0,15.0,-,,,0.701,0.701,0.0,0.695,-0.86,0.695,0.7
2 Nov,Island Bay,Island Bay,r1,Combined,Prime Mover,3:16:35,11795.0,8917.0,8802.0,16.0,16.0,-,0.765,0.963,0.7559999999999999,0.756,-0.0,0.746,-1.32,0.746,0.754
2 Nov,Island Bay,Island Bay,r1,Combined,Gucci,3:17:20,11840.0,8939.0,8802.0,17.0,17.0,-,0.755,0.963,0.755,0.755,0.0,0.743,-1.59,0.743,0.752
2 Nov,Island Bay,Island Bay,r1,Combined,Whistler III,3:28:36,12516.0,8961.0,8802.0,18.0,18.0,-,0.725,0.95,0.716,0.716,0.0,0.703,-1.82,0.703,0.713
2 Nov,Island Bay,Island Bay,r1,Combined,Ran Tan II,2:23:37,8617.0,8996.0,8802.0,19.0,19.0,-,1.04,,1.044,1.044,0.0,1.021,-2.2,1.021,1.038
2 Nov,Island Bay,Island Bay,r1,Combined,Incantare,3:34:11,12851.0,9008.0,8802.0,20.0,20.0,-,0.725,,0.701,0.701,0.0,0.685,-2.28,0.685,0.697
2 Nov,Island Bay,Island Bay,r1,Combined,The Guarantee,2:56:41,10601.0,9010.0,8802.0,21.0,21.0,-,0.845,,0.85,0.85,0.0,0.83,-2.35,0.83,0.845
2 Nov,Island Bay,Island Bay,r1,Combined,Saucy Sausage,3:58:33,14313.0,9045.0,8802.0,22.0,22.0,-,0.63,,0.632,0.632,0.0,0.615,-2.69,0.615,0.628
2 Nov,Island Bay,Island Bay,r1,Combined,Airship,3:24:50,12290.0,9057.0,8802.0,23.0,23.0,-,0.735,,0.737,0.737,0.0,0.716,-2.85,0.716,0.732
2 Nov,Island Bay,Island Bay,r1,Combined,Rocket Science,3:02:12,10932.0,9073.0,8802.0,24.0,24.0,-,0.82,,0.83,0.83,0.0,0.805,-3.01,0.805,0.824
2 Nov,Island Bay,Island Bay,r1,Combined,Titus Canby,3:41:32,13292.0,9131.0,8802.0,25.0,25.0,-,0.69,,0.687,0.687,0.0,0.662,-3.64,0.666,0.682
2 Nov,Island Bay,Island Bay,r1,Combined,St Laurence,2:33:07,9187.0,9655.0,8802.0,26.0,26.0,-,,,1.051,1.051,0.0,0.958,-8.85,1.019,1.043
6 Nov,Fleet,Twilight 1,r1,Combined,Blink,1:01:39,3699.0,3514.0,3514.0,1.0,1.0,-,0.98,,0.95,0.95,0.0,0.95,0.0,0.95,0.95
6 Nov,Fleet,Twilight 1,r1,Combined,Wellington Spirit Red,1:28:54,5334.0,4080.0,3514.0,2.0,2.0,-,0.79,,0.765,0.765,0.0,0.659,-13.86,0.742,0.765
8 Nov,Rum,Rum,r2,Combined,Charlie,1:42:07,6127.0,3529.0,4036.0,1.0,1.0,-,,,0.5760000000000001,0.576,0.0,0.659,14.41,0.593,0.58
8 Nov,Rum,Rum,r2,Combined,Rosschild,1:38:03,5883.0,3694.0,4036.0,2.0,2.0,-,,,0.628,0.628,0.0,0.686,9.24,0.647,0.633
8 Nov,Rum,Rum,r2,Combined,Eat My Shorts,1:28:24,5304.0,3909.0,4036.0,3.0,3.0,-,,,0.737,0.737,0.0,0.761,3.26,0.759,0.741
8 Nov,Rum,Rum,r2,Combined,Erazer,1:34:29,5669.0,4036.0,4036.0,4.0,4.0,-,,,0.7120000000000001,0.712,0.0,0.712,0.0,0.712,0.712
8 Nov,Rum,Rum,r2,Combined,White Cavalier,1:55:51,6951.0,4038.0,4036.0,5.0,5.0,-,,,0.581,0.581,0.0,0.581,0.0,0.581,0.581
8 Nov,Rum,Rum,r2,Combined,Wellington Spirit Bronze,1:29:51,5391.0,4140.0,4036.0,6.0,6.0,-,,,0.768,0.768,0.0,0.749,-2.47,0.749,0.763
8 Nov,Rum,Rum,r2,Combined,Gucci,1:33:21,5601.0,4189.0,4036.0,7.0,7.0,-,,,0.748,0.748,0.0,0.721,-3.61,0.726,0.743
9 Nov,Fleet,At Home,r1,Combined,White Cavalier,2:50:33,10233.0,5362.0,5836.0,1.0,1.0,-,,,0.524,0.524,0.0,0.57,8.78,0.54,0.528
9 Nov,Fleet,At Home,r1,Combined,Rosschild,2:27:45,8865.0,5549.0,5836.0,2.0,2.0,-,0.695,,0.626,0.626,0.0,0.658,5.11,0.645,0.631
9 Nov,Fleet,At Home,r1,Combined,Marishka,2:31:24,9084.0,5586.0,5836.0,3.0,3.0,-,0.655,,0.615,0.615,0.0,0.643,4.55,0.633,0.619
9 Nov,Fleet,At Home,r1,Combined,Floating Free,2:16:37,8197.0,5811.0,5836.0,4.0,4.0,-,,,0.7090000000000001,0.709,0.0,0.712,0.42,0.712,0.71
9 Nov,Fleet,At Home,r1,Combined,After Midnight,2:15:17,8117.0,5836.0,5836.0,5.0,5.0,-,0.72,,0.7190000000000001,0.719,0.0,0.719,0.0,0.719,0.719
9 Nov,Fleet,At Home,r1,Combined,Whistler III,2:14:13,8053.0,5838.0,5836.0,6.0,6.0,-,0.74,,0.725,0.725,0.0,0.725,0.0,0.725,0.725
9 Nov,Fleet,At Home,r1,Combined,Eat My Shorts,2:15:00,8100.0,6034.0,5836.0,7.0,7.0,-,0.745,,0.745,0.745,0.0,0.721,-3.22,0.723,0.74
9 Nov,Fleet,At Home,r1,Combined,Wiseguy,2:25:14,8714.0,6108.0,5836.0,8.0,8.0,-,,,0.701,0.701,0.0,0.67,-4.42,0.68,0.696
9 Nov,Fleet,At Home,r1,Combined,Rocket Science,2:08:22,7702.0,6261.0,5836.0,9.0,9.0,-,0.83,,0.813,0.813,0.0,0.758,-6.77,0.789,0.807
9 Nov,Fleet,At Home,r1,Combined,Structural Analysis,2:18:28,8308.0,6588.0,5836.0,10.0,10.0,-,,,0.7929999999999999,0.793,-0.0,0.702,-11.48,0.769,0.787
9 Nov,Offshore,Brothers,r1,Combined,Wai-Aniwa,10:59:20,39560.0,26505.0,28512.0,1.0,1.0,-,0.69,,0.67,0.67,0.0,0.721,7.61,0.69,0.675
9 Nov,Offshore,Brothers,r1,Combined,Blue Magic,10:11:43,36703.0,26793.0,28512.0,2.0,2.0,-,0.745,0.955,0.73,0.73,0.0,0.777,6.44,0.752,0.735
9 Nov,Offshore,Brothers,r1,Combined,Prime Mover,10:01:35,36095.0,27432.0,28512.0,3.0,3.0,-,0.765,0.963,0.76,0.76,0.0,0.79,3.95,0.783,0.766
9 Nov,Offshore,Brothers,r1,Combined,Vendetta,10:44:50,38690.0,27469.0,28512.0,4.0,4.0,-,,,0.71,0.71,0.0,0.737,3.8,0.731,0.715
9 Nov,Offshore,Brothers,r1,Combined,Gucci,10:19:14,37154.0,27716.0,28512.0,5.0,5.0,-,0.755,0.963,0.746,0.746,0.0,0.767,2.82,0.767,0.751
9 Nov,Offshore,Brothers,r1,Combined,Montego Bay III,10:35:38,38138.0,28183.0,28512.0,6.0,6.0,-,0.755,,0.7390000000000001,0.739,0.0,0.748,1.22,0.748,0.741
9 Nov,Offshore,Brothers,r1,Combined,Midnight Express,10:09:15,36555.0,28512.0,28512.0,7.0,7.0,-,,,0.78,0.78,0.0,0.78,0.0,0.78,0.78
9 Nov,Offshore,Brothers,r1,Combined,Revs,8:58:38,32318.0,28569.0,28512.0,8.0,8.0,-,0.9,1.234,0.884,0.884,0.0,0.882,-0.23,0.882,0.883
9 Nov,Offshore,Brothers,r1,Combined,Wedgetail,8:30:14,30614.0,28869.0,28512.0,9.0,9.0,-,0.96,1.209,0.943,0.943,0.0,0.931,-1.27,0.931,0.94
9 Nov,Offshore,Brothers,r1,Combined,Nedax Racing,9:44:14,35054.0,29445.0,28512.0,10.0,10.0,-,0.86,,0.84,0.84,0.0,0.813,-3.21,0.815,0.834
9 Nov,Offshore,Brothers,r1,Combined,The Guarantee,9:46:03,35163.0,29712.0,28512.0,11.0,11.0,-,0.85,,0.845,0.845,0.0,0.811,-4.02,0.82,0.839
9 Nov,Offshore,Brothers,r1,Combined,Blink,8:20:23,30023.0,30323.0,28512.0,12.0,12.0,-,1.04,,1.01,1.01,0.0,0.95,-5.94,0.98,1.002
9 Nov,Offshore,Brothers,r1,Combined,Ran Tan II,8:24:08,30248.0,32667.0,28512.0,13.0,13.0,-,1.12,,1.08,1.08,0.0,0.943,-12.69,1.048,1.072
13 Nov,Fleet,Twilight 1,r2,Combined,Whistler III,1:25:06,5106.0,3701.0,3858.0,1.0,1.0,-,0.74,0.95,0.725,0.725,0.0,0.756,4.28,0.747,0.729
13 Nov,Fleet,Twilight 1,r2,Combined,Blue Magic,1:25:30,5130.0,3770.0,3858.0,2.0,2.0,-,0.745,0.955,0.735,0.735,0.0,0.752,2.31,0.752,0.739
13 Nov,Fleet,Twilight 1,r2,Combined,Eat My Shorts,1:25:47,5147.0,3808.0,3858.0,3.0,3.0,-,0.745,,0.7390000000000001,0.74,-0.001,0.75,1.35,0.75,0.741
13 Nov,Fleet,Twilight 1,r2,Combined,After Midnight,1:29:26,5366.0,3858.0,3858.0,4.0,4.0,-,0.72,,0.7190000000000001,0.719,0.0,0.719,0.0,0.719,0.719
13 Nov,Fleet,Twilight 1,r2,Combined,Structural Analysis,1:22:01,4921.0,3872.0,3858.0,5.0,5.0,-,,,0.787,0.787,0.0,0.784,-0.38,0.784,0.785
13 Nov,Fleet,Twilight 1,r2,Combined,Wellington Spirit Red,1:27:58,5278.0,4037.0,3858.0,6.0,6.0,-,0.79,,0.765,0.765,0.0,0.731,-4.44,0.742,0.759
13 Nov,Fleet,Twilight 1,r2,Combined,Prime Mover,1:29:27,5367.0,4078.0,3858.0,7.0,7.0,-,0.765,0.963,0.76,0.76,0.0,0.719,-5.39,0.737,0.754
15 Nov,Rum,Rum,r3,Combined,Charlie,1:13:57,4437.0,2573.0,2902.0,1.0,1.0,-,,,0.58,0.58,0.0,0.654,12.76,0.597,0.584
15 Nov,Rum,Rum,r3,Combined,Blurred Image,1:05:51,3951.0,2706.0,2902.0,2.0,2.0,-,,,0.685,0.685,0.0,0.735,7.3,0.706,0.688
15 Nov,Rum,Rum,r3,Combined,Rosschild,1:13:18,4398.0,2783.0,2902.0,3.0,3.0,-,,,0.633,0.633,0.0,0.66,4.27,0.652,0.638
15 Nov,Rum,Rum,r3,Combined,Wai-Aniwa,1:13:24,4404.0,2902.0,2902.0,4.0,4.0,-,,,0.659,0.659,0.0,0.659,0.0,0.659,0.658
15 Nov,Rum,Rum,r3,Combined,Eat My Shorts,1:05:30,3930.0,2912.0,2902.0,5.0,5.0,-,,,0.741,0.741,0.0,0.738,-0.4,0.738,0.74
15 Nov,Rum,Rum,r3,Combined,Gucci,1:05:56,3956.0,2939.0,2902.0,6.0,6.0,-,,,0.743,0.743,0.0,0.734,-1.21,0.734,0.738
15 Nov,Rum,Rum,r3,Combined,Wellington Spirit Bronze,1:06:41,4001.0,3052.0,2902.0,7.0,7.0,-,,,0.763,0.763,0.0,0.726,-4.85,0.74,0.758
16 Nov,Championship,Christmas,r1,1,The Guarantee,<dnf>,,,,,,,,,,,,,,,
16 Nov,Championship,Christmas,r1,1,Wedgetail,<dnf>,,,,,,,,,,,,,,,
16 Nov,Championship,Christmas,r1,1,Blink,2:04:11,7451.0,7063.0,7401.0,1.0,1.0,-,0.98,,0.948,0.948,0.0,0.993,4.75,0.976,0.96
16 Nov,Championship,Christmas,r1,1,Ran Tan II,2:03:51,7431.0,7401.0,7401.0,2.0,2.0,-,1.04,1.234,0.996,0.996,0.0,0.996,0.0,0.996,0.996
16 Nov,Championship,Christmas,r1,1,Revs,2:16:47,8207.0,7427.0,7401.0,3.0,3.0,-,0.885,,0.905,0.905,0.0,0.902,-0.33,0.902,0.905
16 Nov,Championship,Christmas,r1,1,Rocket Science,2:37:05,9425.0,7615.0,7401.0,4.0,4.0,-,0.82,,0.8079999999999999,0.808,-0.0,0.785,-2.85,0.785,0.802
16 Nov,Championship,Christmas,r1,2,Gucci,2:27:02,8822.0,6598.0,6838.0,1.0,1.0,-,0.755,0.963,0.748,0.748,0.0,0.775,3.61,0.77,0.754
16 Nov,Championship,Christmas,r1,2,Airship,2:26:59,8819.0,6614.0,6838.0,2.0,2.0,-,0.735,,0.75,0.75,0.0,0.775,3.33,0.772,0.752
16 Nov,Championship,Christmas,r1,2,Prime Mover,2:28:48,8928.0,6624.0,6838.0,3.0,3.0,-,0.765,,0.742,0.742,0.0,0.766,3.23,0.764,0.746
16 Nov,Championship,Christmas,r1,2,Whistler III,2:34:33,9273.0,6787.0,6838.0,4.0,4.0,-,0.725,,0.732,0.732,0.0,0.738,0.82,0.738,0.73
16 Nov,Championship,Christmas,r1,2,After Midnight,2:37:52,9472.0,6838.0,6838.0,5.0,5.0,-,0.715,,0.722,0.722,0.0,0.722,0.0,0.722,0.723
16 Nov,Championship,Christmas,r1,2,Blue Magic,2:35:35,9335.0,7010.0,6838.0,6.0,6.0,-,0.735,0.955,0.7509999999999999,0.751,-0.0,0.733,-2.4,0.733,0.746
16 Nov,Championship,Christmas,r1,2,Incantare,2:46:11,9971.0,7069.0,6838.0,7.0,7.0,-,0.725,,0.7090000000000001,0.709,0.0,0.686,-3.24,0.688,0.701
16 Nov,Championship,Christmas,r1,2,Wiseguy,2:53:33,10413.0,7455.0,6838.0,8.0,8.0,-,,,0.716,0.716,0.0,0.657,-8.24,0.695,0.711
16 Nov,Championship,Christmas,r1,2,Wellington Spirit Bronze,2:51:29,10289.0,7727.0,6838.0,9.0,9.0,-,0.79,,0.7509999999999999,0.751,-0.0,0.665,-11.45,0.728,0.744
16 Nov,Championship,Christmas,r1,3,Maranui,<dns>,,,,,,,,,,,,,,,
16 Nov,Championship,Christmas,r1,3,Wai-Aniwa,2:08:31,7711.0,5174.0,5326.0,1.0,1.0,-,0.69,,0.6709999999999999,0.671,-0.0,0.691,2.98,0.691,0.674
16 Nov,Championship,Christmas,r1,3,Haumuri,2:09:32,7772.0,5215.0,5326.0,2.0,2.0,-,0.665,,0.6709999999999999,0.671,-0.0,0.685,2.09,0.685,0.672
16 Nov,Championship,Christmas,r1,3,Rosschild,2:17:00,8220.0,5227.0,5326.0,3.0,3.0,-,0.68,,0.635,0.636,-0.001,0.648,1.89,0.648,0.64
16 Nov,Championship,Christmas,r1,3,Marishka,2:24:35,8675.0,5326.0,5326.0,4.0,4.0,-,0.65,,0.614,0.614,0.0,0.614,0.0,0.614,0.614
16 Nov,Championship,Christmas,r1,3,Titus Canby,2:10:13,7813.0,5375.0,5326.0,5.0,5.0,-,0.69,,0.691,0.688,0.003,0.682,-0.87,0.682,0.686
16 Nov,Championship,Christmas,r1,3,Saucy Sausage,2:27:41,8861.0,5564.0,5326.0,6.0,6.0,-,0.63,,0.631,0.628,0.003,0.601,-4.3,0.609,0.624
16 Nov,Championship,Christmas,r1,3,White Cavalier,2:55:56,10556.0,5985.0,5326.0,7.0,7.0,-,,,0.568,0.567,0.001,0.505,-10.93,0.55,0.562
20 Nov,Fleet,Twilight 1,r3,Combined,After Midnight,1:23:59,5039.0,3623.0,3817.0,1.0,1.0,-,0.715,,0.7190000000000001,0.719,0.0,0.758,5.42,0.741,0.723
20 Nov,Fleet,Twilight 1,r3,Combined,Whistler III,1:23:04,4984.0,3633.0,3817.0,2.0,2.0,-,0.725,0.95,0.7290000000000001,0.729,0.0,0.766,5.08,0.751,0.735
20 Nov,Fleet,Twilight 1,r3,Combined,Saucy Sausage,1:37:19,5839.0,3637.0,3817.0,3.0,3.0,-,0.63,,0.623,0.623,0.0,0.654,4.98,0.642,0.628
20 Nov,Fleet,Twilight 1,r3,Combined,Structural Analysis,1:18:16,4696.0,3686.0,3817.0,4.0,4.0,-,,,0.785,0.785,0.0,0.813,3.57,0.809,0.788
20 Nov,Fleet,Twilight 1,r3,Combined,Blink,1:06:58,4018.0,3817.0,3817.0,6.0,5.0,No,0.98,,0.95,0.95,0.0,0.95,0.0,0.95,0.95
20 Nov,Fleet,Twilight 1,r3,Combined,Eat My Shorts,1:25:53,5153.0,3818.0,3817.0,5.0,6.0,No,0.745,,0.74,0.741,-0.001,0.741,0.0,0.741,0.74
20 Nov,Fleet,Twilight 1,r3,Combined,Gucci,1:25:21,5121.0,3840.0,3817.0,7.0,7.0,-,0.755,0.963,0.75,0.75,0.0,0.746,-0.53,0.746,0.749
20 Nov,Fleet,Twilight 1,r3,Combined,Wellington Spirit Bronze,1:25:14,5114.0,3912.0,3817.0,8.0,8.0,-,0.79,,0.765,0.765,0.0,0.746,-2.48,0.746,0.76
20 Nov,Fleet,Twilight 1,r3,Combined,Brix,1:33:04,5584.0,4048.0,3817.0,9.0,9.0,-,,,0.725,0.725,0.0,0.684,-5.66,0.703,0.72
20 Nov,Fleet,Twilight 1,r3,Combined,Incantare,1:36:26,5786.0,4073.0,3817.0,10.0,10.0,-,0.725,,0.7040000000000001,0.704,0.0,0.66,-6.25,0.683,0.699
23 Nov,Championship,Christmas,r2,1,Rocket Science,0:41:37,2497.0,2002.0,2156.0,1.0,1.0,-,0.82,,0.802,0.802,0.0,0.864,7.73,0.826,0.801
23 Nov,Championship,Christmas,r2,1,Magic Trick,0:38:14,2294.0,2027.0,2156.0,2.0,2.0,-,0.875,,0.885,0.884,0.001,0.94,6.33,0.911,0.889
23 Nov,Championship,Christmas,r2,1,The Guarantee,0:42:16,2536.0,2102.0,2156.0,3.0,3.0,-,0.845,,0.8290000000000001,0.829,0.0,0.85,2.53,0.85,0.828
23 Nov,Championship,Christmas,r2,1,Wedgetail,0:37:14,2234.0,2108.0,2156.0,4.0,4.0,-,0.95,1.209,0.9440000000000001,0.944,0.0,0.965,2.22,0.965,0.945
23 Nov,Championship,Christmas,r2,1,Ran Tan II,0:36:05,2165.0,2156.0,2156.0,5.0,5.0,-,1.04,,0.996,0.996,0.0,0.996,0.0,0.996,0.995
23 Nov,Championship,Christmas,r2,1,Drinks Trolley,0:43:01,2581.0,2157.0,2156.0,6.0,6.0,-,0.84,,0.836,0.836,0.0,0.836,0.0,0.836,0.834
23 Nov,Championship,Christmas,r2,1,Nedax Racing,0:44:09,2649.0,2193.0,2156.0,7.0,7.0,-,0.84,,0.828,0.828,0.0,0.814,-1.69,0.814,0.824
23 Nov,Championship,Christmas,r2,1,Revs,0:41:11,2471.0,2236.0,2156.0,8.0,8.0,-,0.885,1.234,0.904,0.905,-0.001,0.873,-3.54,0.878,0.898
23 Nov,Championship,Christmas,r2,1,Blink,0:39:46,2386.0,2290.0,2156.0,9.0,9.0,-,0.98,,0.96,0.96,0.0,0.904,-5.83,0.931,0.954
23 Nov,Championship,Christmas,r2,2,After Midnight,0:32:55,1975.0,1427.0,1508.0,1.0,1.0,-,0.715,,0.723,0.723,0.0,0.764,5.67,0.745,0.728
23 Nov,Championship,Christmas,r2,2,Whistler III,0:32:43,1963.0,1432.0,1508.0,2.0,2.0,-,0.725,0.95,0.73,0.73,0.0,0.769,5.34,0.752,0.737
23 Nov,Championship,Christmas,r2,2,Gucci,0:31:54,1914.0,1443.0,1508.0,3.0,3.0,-,0.755,0.963,0.754,0.754,0.0,0.788,4.51,0.777,0.76
23 Nov,Championship,Christmas,r2,2,Eat My Shorts,0:33:42,2022.0,1482.0,1508.0,4.0,4.0,-,0.745,,0.733,0.733,0.0,0.746,1.77,0.746,0.739
23 Nov,Championship,Christmas,r2,2,Wiseguy,0:35:00,2100.0,1493.0,1508.0,5.0,5.0,-,,,0.711,0.711,0.0,0.718,0.98,0.718,0.707
23 Nov,Championship,Christmas,r2,2,Blue Magic,0:33:42,2022.0,1508.0,1508.0,6.0,6.0,-,0.735,0.955,0.746,0.746,0.0,0.746,0.0,0.746,0.743
23 Nov,Championship,Christmas,r2,2,Floating Free,0:35:42,2142.0,1512.0,1508.0,7.0,7.0,-,,,0.706,0.706,0.0,0.704,-0.28,0.704,0.706
23 Nov,Championship,Christmas,r2,2,Airship,0:33:57,2037.0,1531.0,1508.0,8.0,8.0,-,0.735,,0.752,0.752,0.0,0.741,-1.46,0.741,0.75
23 Nov,Championship,Christmas,r2,2,Incantare,0:37:40,2260.0,1584.0,1508.0,9.0,9.0,-,0.725,,0.701,0.701,0.0,0.667,-4.85,0.68,0.695
23 Nov,Championship,Christmas,r2,2,Wellington Spirit Bronze,0:39:31,2371.0,1764.0,1508.0,10.0,10.0,-,0.79,,0.745,0.744,0.001,0.636,-14.52,0.722,0.738
23 Nov,Championship,Christmas,r2,2,Brix,0:40:35,2435.0,1777.0,1508.0,11.0,11.0,-,,,0.73,0.73,0.0,0.619,-15.21,0.708,0.725
23 Nov,Championship,Christmas,r2,2,Prime Mover,0:46:35,2795.0,2085.0,1508.0,12.0,12.0,-,0.765,0.963,0.746,0.746,0.0,0.54,-27.61,0.724,0.743
23 Nov,Championship,Christmas,r2,3,Revenue Cutter,1:51:17,6677.0,4286.0,4608.0,1.0,1.0,-,,,0.643,0.642,0.001,0.69,7.48,0.661,0.643
23 Nov,Championship,Christmas,r2,3,Titus Canby,1:46:21,6381.0,4377.0,4608.0,2.0,2.0,-,0.69,,0.6859999999999999,0.686,-0.0,0.722,5.25,0.707,0.687
23 Nov,Championship,Christmas,r2,3,Marishka,2:00:25,7225.0,4436.0,4608.0,4.0,3.0,No,0.65,,0.614,0.614,0.0,0.638,3.91,0.632,0.618
23 Nov,Championship,Christmas,r2,3,Rosschild,1:55:35,6935.0,4438.0,4608.0,3.0,4.0,No,0.68,,0.639,0.64,-0.001,0.665,3.91,0.659,0.646
23 Nov,Championship,Christmas,r2,3,Saucy Sausage,2:03:05,7385.0,4608.0,4608.0,5.0,5.0,-,0.63,,0.624,0.624,0.0,0.624,0.0,0.624,0.622
23 Nov,Championship,Christmas,r2,3,Blurred Image,1:56:18,6978.0,4779.0,4608.0,6.0,6.0,-,,,0.685,0.685,0.0,0.66,-3.65,0.664,0.681
23 Nov,Championship,Christmas,r2,3,White Cavalier,2:23:37,8617.0,4842.0,4608.0,7.0,7.0,-,,,0.562,0.562,0.0,0.535,-4.8,0.545,0.556
23 Nov,Championship,Christmas,r2,3,Wai-Aniwa,2:01:24,7284.0,4909.0,4608.0,8.0,8.0,-,0.69,,0.674,0.674,0.0,0.633,-6.08,0.654,0.67
23 Nov,Championship,Christmas,r2,3,Haumuri,2:10:09,7809.0,5247.0,4608.0,9.0,9.0,-,0.665,,0.672,0.672,0.0,0.59,-12.2,0.652,0.667
23 Nov,Championship,Christmas,r3,1,Drinks Trolley,1:46:31,6391.0,5330.0,5874.0,1.0,1.0,-,0.84,,0.833,0.834,-0.001,0.919,10.19,0.859,0.841
23 Nov,Championship,Christmas,r3,1,Revs,1:42:36,6156.0,5528.0,5874.0,2.0,2.0,-,0.885,1.234,0.897,0.898,-0.001,0.954,6.24,0.925,0.901
23 Nov,Championship,Christmas,r3,1,Blink,1:37:50,5870.0,5599.0,5874.0,3.0,3.0,-,0.98,,0.9540000000000001,0.954,0.0,1.001,4.93,0.983,0.963
23 Nov,Championship,Christmas,r3,1,Nedax Racing,1:57:07,7027.0,5790.0,5874.0,4.0,4.0,-,0.84,,0.8240000000000001,0.824,0.0,0.836,1.46,0.836,0.826
23 Nov,Championship,Christmas,r3,1,Rocket Science,2:02:14,7334.0,5874.0,5874.0,5.0,5.0,-,0.82,,0.8009999999999999,0.801,-0.0,0.801,0.0,0.801,0.802
23 Nov,Championship,Christmas,r3,1,The Guarantee,1:58:41,7121.0,5896.0,5874.0,6.0,6.0,-,0.845,,0.828,0.828,0.0,0.825,-0.36,0.825,0.828
23 Nov,Championship,Christmas,r3,1,Magic Trick,1:50:37,6637.0,5900.0,5874.0,7.0,7.0,-,0.875,,0.889,0.889,0.0,0.885,-0.45,0.885,0.891
23 Nov,Championship,Christmas,r3,1,Ran Tan II,1:41:55,6115.0,6084.0,5874.0,8.0,8.0,-,1.04,,0.9940000000000001,0.995,-0.001,0.961,-3.42,0.965,0.992
23 Nov,Championship,Christmas,r3,1,Wedgetail,1:48:25,6505.0,6147.0,5874.0,9.0,9.0,-,0.95,1.209,0.9440000000000001,0.945,-0.001,0.903,-4.44,0.917,0.943
23 Nov,Championship,Christmas,r3,2,Wiseguy,2:20:19,8419.0,5952.0,6739.0,1.0,1.0,-,,,0.7070000000000001,0.707,0.0,0.8,13.15,0.728,0.71
23 Nov,Championship,Christmas,r3,2,Brix,2:17:39,8259.0,5987.0,6739.0,2.0,2.0,-,,,0.725,0.725,0.0,0.816,12.55,0.747,0.728
23 Nov,Championship,Christmas,r3,2,Airship,2:18:03,8283.0,6212.0,6739.0,3.0,3.0,-,0.735,,0.7509999999999999,0.75,0.001,0.814,8.53,0.772,0.754
23 Nov,Championship,Christmas,r3,2,Whistler III,2:28:35,8915.0,6570.0,6739.0,4.0,4.0,-,0.725,0.95,0.737,0.737,0.0,0.756,2.58,0.756,0.739
23 Nov,Championship,Christmas,r3,2,Floating Free,2:38:29,9509.0,6713.0,6739.0,5.0,5.0,-,,,0.706,0.706,0.0,0.709,0.42,0.709,0.707
23 Nov,Championship,Christmas,r3,2,After Midnight,2:34:18,9258.0,6739.0,6739.0,6.0,6.0,-,0.715,,0.728,0.728,0.0,0.728,0.0,0.728,0.726
23 Nov,Championship,Christmas,r3,2,Incantare,2:47:50,10070.0,6998.0,6739.0,7.0,7.0,-,0.725,,0.695,0.695,0.0,0.669,-3.74,0.674,0.686
23 Nov,Championship,Christmas,r3,2,Prime Mover,2:37:56,9476.0,7040.0,6739.0,8.0,8.0,-,0.765,0.963,0.743,0.743,0.0,0.711,-4.31,0.721,0.741
23 Nov,Championship,Christmas,r3,2,Eat My Shorts,2:39:49,9589.0,7086.0,6739.0,9.0,9.0,-,0.745,,0.7390000000000001,0.739,0.0,0.703,-4.87,0.717,0.735
23 Nov,Championship,Christmas,r3,2,Gucci,2:37:53,9473.0,7199.0,6739.0,10.0,10.0,-,0.755,0.963,0.7609999999999999,0.76,0.001,0.711,-6.45,0.737,0.758
23 Nov,Championship,Christmas,r3,2,Wellington Spirit Bronze,2:46:49,10009.0,7386.0,6739.0,11.0,11.0,-,0.79,,0.7390000000000001,0.738,0.001,0.673,-8.81,0.716,0.732
23 Nov,Championship,Christmas,r3,2,Blue Magic,2:48:18,10098.0,7502.0,6739.0,12.0,12.0,-,0.735,0.955,0.743,0.743,0.0,0.667,-10.23,0.721,0.738
27 Nov,Fleet,Twilight 1,r4,Combined,Whistler III,1:00:02,3602.0,2647.0,2677.0,1.0,1.0,-,0.725,0.95,0.735,0.735,0.0,0.743,1.09,0.743,0.74
27 Nov,Fleet,Twilight 1,r4,Combined,Blue Magic,1:00:04,3604.0,2663.0,2677.0,2.0,2.0,-,0.735,0.955,0.7390000000000001,0.739,0.0,0.743,0.54,0.743,0.741
27 Nov,Fleet,Twilight 1,r4,Combined,Gucci,0:59:19,3559.0,2665.0,2677.0,3.0,3.0,-,0.755,0.963,0.7490000000000001,0.749,0.0,0.752,0.4,0.752,0.749
27 Nov,Fleet,Twilight 1,r4,Combined,After Midnight,1:01:44,3704.0,2677.0,2677.0,4.0,4.0,-,0.715,,0.723,0.723,0.0,0.723,0.0,0.723,0.725
27 Nov,Fleet,Twilight 1,r4,Combined,Structural Analysis,0:57:39,3459.0,2725.0,2677.0,5.0,5.0,-,,,0.7879999999999999,0.788,-0.0,0.774,-1.78,0.774,0.785
27 Nov,Fleet,Twilight 1,r4,Combined,Eat My Shorts,1:01:27,3687.0,2728.0,2677.0,6.0,6.0,-,0.745,,0.74,0.74,0.0,0.726,-1.89,0.726,0.736
27 Nov,Fleet,Twilight 1,r4,Combined,Wellington Spirit Bronze,1:00:22,3622.0,2752.0,2677.0,7.0,7.0,-,0.79,,0.76,0.76,0.0,0.739,-2.76,0.739,0.755
4 Dec,Fleet,Twilight 1,r5,Combined,Whistler III,1:12:50,4370.0,3233.0,3300.0,1.0,1.0,-,0.725,0.95,0.74,0.74,0.0,0.755,2.03,0.755,0.747
4 Dec,Fleet,Twilight 1,r5,Combined,After Midnight,1:14:32,4472.0,3242.0,3300.0,2.0,2.0,-,0.715,,0.725,0.725,0.0,0.738,1.79,0.738,0.729
4 Dec,Fleet,Twilight 1,r5,Combined,Blue Magic,1:13:21,4401.0,3261.0,3300.0,3.0,3.0,-,0.735,0.955,0.741,0.741,0.0,0.75,1.21,0.75,0.744
4 Dec,Fleet,Twilight 1,r5,Combined,Eat My Shorts,1:14:26,4466.0,3286.0,3300.0,4.0,4.0,-,0.745,,0.736,0.736,0.0,0.739,0.41,0.739,0.738
4 Dec,Fleet,Twilight 1,r5,Combined,Wellington Spirit Bronze,1:12:51,4371.0,3300.0,3300.0,5.0,5.0,-,0.79,,0.755,0.755,0.0,0.755,0.0,0.755,0.752
4 Dec,Fleet,Twilight 1,r5,Combined,Blurred Image,1:21:18,4878.0,3341.0,3300.0,6.0,6.0,-,,,0.685,0.685,0.0,0.677,-1.17,0.677,0.683
4 Dec,Fleet,Twilight 1,r5,Combined,Gucci,1:15:28,4528.0,3391.0,3300.0,7.0,7.0,-,0.755,0.963,0.7490000000000001,0.749,0.0,0.729,-2.67,0.729,0.745
4 Dec,Fleet,Twilight 1,r5,Combined,Structural Analysis,1:12:12,4332.0,3400.0,3300.0,8.0,8.0,-,,,0.785,0.785,0.0,0.762,-2.93,0.762,0.783
4 Dec,Fleet,Twilight 1,r5,Combined,Saucy Sausage,1:33:17,5597.0,3514.0,3300.0,9.0,9.0,-,0.63,,0.628,0.628,0.0,0.59,-6.05,0.609,0.625
4 Dec,Fleet,Twilight 1,r5,Combined,Blink,1:03:09,3789.0,3599.0,3300.0,10.0,10.0,-,0.98,,0.95,0.95,0.0,0.871,-8.32,0.921,0.944
